name,id
Adriana Pčolinská,3c60057b-7cef-4e79-ab04-09f366313992
Adriana Pčolinská,51f2b709-8080-4010-b04a-5ac4fbe09599
Alan Suchánek,55c7bbb7-f144-4808-99cb-9f45478b5193
Alan Suchánek,7de465c2-1e87-4f0c-bde3-8a59bbb4e2db
Alena Bašistová,221f9ab3-da85-4fd4-914c-001eb3a9ce95
Alexander Slafkovský,7d330e04-e3e6-4117-b52a-653fdfa4e3ec
Alexej Ivanko,d1972fbb-8679-4100-a665-eb4d19124bed
Alojz Baránik,818fb91f-d51f-469b-8356-d58098ef823f
Alojz Baránik,b2103b22-3ca9-4d3e-9f17-3ff4b7ce35ec
Alojz Engliš,e710eca5-d542-4d18-b99c-2446b75311c1
Alojz Hlina,8c51bb28-9c8c-4096-b4cd-9b5d05404b6b
Alojz Přidal,3b51fcad-9b72-4c0b-b3b8-32036e468688
Alojz Rakús,e33b40f0-7fef-4b70-a3cd-f4939a3f0285
Andrej Danko,94881297-3650-4f0f-aa0d-eb8292cfae65
Andrej Danko,96f658c7-6b1a-4095-8873-9a7f218bc309
Andrej Hajduk,7886f458-3ac9-454d-84dd-f1d35c548a2a
Andrej Hrnčiar,5d5f3db3-0442-4a41-b20b-04236e5a7e15
Andrej Hrnčiar,7e2094e5-fd92-4c3f-a6a2-556fd1a72dad
Andrej Kolesík,7952e1de-928e-4c9b-9d22-c0c7b3b80dc6
Andrej Ďurkovský,8048c708-442e-4eab-8abb-d19b31bc7ee1
Anna Belousovová,c24a902a-b1c9-4aac-99bc-45e5f69f7056
Anna Szögedi,e66d9c4b-f2b3-4830-be61-931c4d7c66fe
Anna Verešová,1afeff96-ddbd-4480-a842-9c0632a84a19
Anna Verešová,fb32cc46-aac1-4260-9b3f-58f91d320e6e
Anna Vitteková,ca5772d7-7c1c-405b-83d3-157ff5101f1c
Anna Zemanová,06201e39-b0f6-4789-adad-ab4a1585b739
Anna Zemanová,0b252052-ed3c-495c-948e-7a0d9c28f94e
Anna Záborská,bc531bca-5bf0-4c07-8ce9-e7d8dd9f04ed
Anton Blajsko,49a8b545-b4a5-4544-a9e8-992364461be1
Anton Bobrík,6a51d9b4-c1fd-4ea1-8587-1e02a884fbd6
Anton Danko,ddfad974-969f-4050-85a1-c7e1497db941
Anton Hoffmann,80bcc4e3-a59a-4f1f-a830-8c9db5720226
Anton Hrnko,8d29203c-5775-42fd-a98a-cdb64201a07a
Anton Hrnko,a0a3b309-0a4c-4435-94a6-cdbb8333f3f5
Anton Juriš,b7bcc9aa-8812-4995-a26e-71041178c956
Anton Korba,d0c53594-305f-4860-9bf2-1ae06e93c20f
Anton Marcinčin,d753ed0d-b0e0-4a82-bfda-5a6348fd5d83
Anton Martvoň,9fa6c106-4fef-4d49-acd7-3a6532f9ce0e
Antonín Cicoň,7fb6d33d-f0d6-4a70-8af4-fbc6c38b07c8
Augustín Hambálek,13f2173c-f622-4fe4-a7db-ae3c183bf32a
Augustín Hambálek,c5a92506-04d0-4aba-8b5a-1325b774e150
Augustín Marián Húska,960d1432-f1a7-4e1a-9dce-60daeed71572
Barnabás Ferkó,daa85d88-5c04-4295-b6cb-c30c3142b633
Bartolomej Bak,0a53c89d-8943-4cd5-84c9-27571bf2492b
Beata Sániová,5c23b0c2-81f1-443f-9806-652026169c83
Beáta Brestenská,5797ba83-7b1f-4837-adfd-816a190ab7f3
Bibiána Riapošová,ab0e535d-1693-471d-a308-998a8088ab51
Bohumil Hanzel,7f40c0e2-c1ee-4548-90f5-368f8847f862
Boris Hradecký,0f2f2710-f1cf-487f-a1ef-632e3f008322
Boris Kollár,a9091640-8448-4b11-8da4-d997fc9d6c63
Boris Kollár,abd28fac-1298-46d3-896f-b7ad48c8eca7
Boris Susko,2420e450-3720-4458-8f86-40d5a7a2d456
Boris Zala,4d05bc23-e951-41ad-8341-11d4bddecddd
Branislav Bačík,65c87029-df68-4e00-be87-d322f8030b7e
Branislav Gröhling,2dfab054-a039-4205-856b-3b3ae908e280
Branislav Gröhling,9c27e2fd-e75b-4146-b0fc-ff890d9dfdd0
Branislav Ondruš,bbb48e8b-5b02-4222-a0fe-2275105c1ae1
Branislav Opaterný,e5c78bd0-809e-4434-af84-0f2df8d5d738
Branislav Orava,a907673c-cb96-4bc7-8c5e-2fc6592d0db9
Brigita Schmögnerová,2251d285-978e-4095-aaec-385e46084ecf
Bugár Béla,86f92240-715d-4229-afc9-8727d6932e90
Béla Bugár,86f92240-715d-4229-afc9-8727d6932e90
Béla Bugár,b9d72b08-8293-4fae-a7d6-127ba7cb460f
Dagmar Bollová,00e0809d-a5e0-4371-8472-c3833a17a9d8
Dana Podracká,0e69c6ab-a01e-406c-be6e-c302560a472f
Daniel Duchoň,63117fa7-d341-435f-99b3-284c2f59f5d1
Daniel Lipšic,b95f789d-a6a8-4721-a834-f9e624cc1494
Darina Gabániová,e0bb18fc-046e-47e6-b6b1-c61cadc23300
Diana Štrofová,15ef9854-092d-4bb0-b09b-8ef92822c0e0
Dušan Bublavý,3cc5d84c-f301-4194-a50e-924c9dd81ede
Dušan Bublavý,dfe8c27f-ee32-4aae-aee0-16991bd3ea2b
Dušan Fedoročko,fa3c326e-fffc-4e22-b9e3-4de53f4e25a8
Dušan Galis,1160faf8-0132-4e04-8947-00f2aa08446d
Dušan Galis,fc479f5c-4541-41c9-92d3-99c9c68d5358
Dušan Jarjabek,264fba20-996e-4467-a7ea-9d0feb37e0d3
Dušan Jarjabek,f8be36f6-3547-4bd7-a334-fe8c4081189a
Dušan Kovačič,40daee90-6a18-4e76-8cd8-b3300ba8e3e0
Dušan Muňko,61198770-6a31-4e3f-aa63-2d9f2fe7e99c
Dušan Muňko,6d75d070-b56c-4612-af0f-901024d242fc
Dušan Slobodník,f04fcc90-ddea-4adb-849a-c0212a4e0fbf
Dušan Tittel,5497aa68-c140-4df0-975a-38adab16377d
Dušan Tittel,bd3f61ad-0281-411d-8af8-0309a412eaec
Dušan Čaplovič,19e7f0b6-19a4-4fb3-92fe-f201fdad9f7d
Dušan Čaplovič,daa9a6e6-1515-417c-8ef5-73d0e314a3c1
Dušan Švantner,aec10232-83cb-49b9-b23f-c892ed3c8970
Edit Bauer,39f624c3-b600-4345-837c-c1dd23a4dd6a
Edita Angyalová,5e35270d-f177-46df-b931-a73b9e6f804b
Edita Pfundtner,c6500bee-4d4e-4476-801e-31ffc44c8433
Edita Pfundtner,d2aea394-8f78-46e5-b76b-ded592f1318f
Eduard Adamčík,1cc47993-e689-4bdc-b14d-073fb4707d21
Eduard Adamčík,38d37870-e537-471b-b13a-3c128fd35138
Eduard Heger,3378528d-7803-4e61-a63f-0941a04acd88
Eduard Heger,6d995484-b459-4ed6-ab35-e12c7cff0fce
Eduard Kolesár,1123f4c6-1b9e-46ce-ada6-c41191159740
Eduard Kukan,1ce23aa0-61f3-41e8-b5fa-bf8d122d2629
Elemér Jakab,51339e17-abc2-4ad8-a2a7-517fcc9beec4
Elemér Jakab,98aed2ef-50b5-433d-82d9-65a7fccbf27a
Emil Vestenický,e3a829fe-a150-43c9-9ac1-ce54d11be0d8
Emil Ďurovčík,63cb1987-b4b5-48b2-ae32-73cad456ab47
Emil Ďurovčík,6d4f634e-fe96-4488-8e98-0611d96ceab6
Emília Müllerová,5aed20b9-d01c-486c-87ee-acf0ebe8ec84
Erik Tomáš,57ede84b-f837-45ec-9053-f7f90c5a2df3
Erik Tomáš,ac8b3156-e3af-4f9f-b4fa-0d0e103a493f
Erika Jurinová,8e542d2c-a68e-40a4-b247-bfd3736cee36
Erika Jurinová,d20b80b9-5680-40b0-bd89-63b9cb62984d
Erzsébet Dolník,25d55d4a-92db-4760-9c68-b449b47b3c24
Erzébet Pogány,479930df-e667-4d10-ba93-242cb4fdf288
Eugen Jurzyca,547b4177-3a00-4a6f-b36c-62712d7d5ed7
Eugen Jurzyca,b4c691bb-31c5-49b0-8db6-19b14a44ffa8
Eva Antošová,8c85cd6c-a6f8-4506-9544-39389a9f1bf8
Eva Antošová,a3d6b663-4dd5-418a-b20d-314d99fd14bd
Eva Horváthová,d782bddd-48a5-422a-adcb-c6dc5594fdb5
Eva Hufková,cc8b50fd-d29e-451d-87a5-ff95d85f71d4
Eva Rusnáková,b8b2f678-6f8c-4806-b554-dce4dfc46125
Eva Smolíková,168d1611-13bc-473e-ba40-1c10a7cb793e
Eva Smolíková,c43a882b-07fb-4d3b-9977-6f59ffe20243
Eva Černá,e931ad2d-3fc6-45c1-adbb-35c72c9acddc
Ferdinand Devínsky,e18aef92-4699-4bce-a5fc-0504cda88063
Ferdinand Petrák,198d611f-03a6-4ae1-9246-3fd92a1f1ea2
František Cibuľa,4a123bb5-28a4-47cf-9ef0-d037987c5f51
František Halmeš,973ab6bf-adb1-43b1-ae62-903e7d8475b7
František Halás,bd2c96e7-2549-421c-8ce7-7a0c27335651
František Mikloško,4e1ac75c-6b97-41bc-ab31-533485348e5a
František Petro,3f8bc4ee-ac15-44b1-babe-8beca5c04fb8
František Tóth,60b748e1-9d4b-43b9-8d44-6f84c49d6cf3
František Šebej,8f01b4b4-c747-4275-b0c6-7f71c2a3539b
František Šebej,b904dc0b-2c6d-4d25-b8fe-b9011b4db999
Gabriel Csicsai,a1a535e8-6f4a-4143-aefe-2d30fc5fb23a
Gabriel Karlin,99066bd6-7ebc-4fbe-9f94-8388441ce11f
Gabriel Palacka,0ab76330-4507-4a29-b88f-a6a522723f29
Gustáv Krajči,09ebae0e-1138-45f5-9557-80292be6d872
Gyula Bárdos,3586797e-f53a-4f42-bfba-2c88b8e62f05
György Juhász,e42b21df-42d5-4768-a5f2-8265bb443475
Gábor Grendel,6811c782-c459-47e8-8187-270ccb539d2b
Gábor Grendel,96355237-07bc-49d3-89db-f99a99374eb0
Gábor Gál,864a952e-fe09-45d9-99b3-7f64674c253b
Gábor Gál,884a633a-ae6d-426d-9185-336a821eccd5
Helena Mezenská,7abc29f0-595a-4127-9af2-84a8d14cad93
Herman Arvay,4ea3baa0-fe32-4655-95a6-601abd110a35
Igor Choma,48fa8eb6-15a5-4216-bf25-f41669a55d7b
Igor Choma,4dea1929-4669-454c-b5d7-c6e5698a74ef
Igor Federič,fcf32d5e-2166-4173-93e6-0a55eaf46c5a
Igor Hraško,6ffac605-4d9f-450a-97f3-4f19ad8a274d
Igor Janckulík,4d5701b6-f424-4019-a624-8ac024c1d89a
Igor Janckulík,81140efd-ebdb-46c1-afb9-67f6589ee4c2
Igor Matovič,0ea1208e-6674-4bbf-8e28-e4ea4c5c7ee2
Igor Matovič,70a9691c-5dc9-410e-84fe-23dbda333047
Igor Pinkava,96568acb-ed68-4229-a024-4d8c7d013001
Igor Presperín,a0aa5541-5961-4bf2-9676-dffe18593381
Igor Sidor,1ccf3040-3305-4f87-8b65-6aba27dc6bd6
Igor Štefanov,1f8b5879-d0f5-4f5b-b210-a4c829fe392c
Igor Šulaj,1ae4e172-883a-40ba-bb5f-5ba180381121
Imre Andruskó,0a282367-2d6f-416e-9a1a-03191179c540
Imrich Andrejčák,6e848156-be16-4c30-923f-99582a83d536
Imrich Béreš,2126c3bd-ca23-4faf-91c0-a3c38e80bd56
Imrich Hamarčák,28106a9b-a690-4c1e-8363-ff3a2d844794
Imrich Tóth,d40d4371-c6ee-4d54-9e02-9ac35cf4b044
Irena Belohorská,4a0b27cd-f233-44ce-82af-50c9f2090d18
Irén Sárközy,3278f86e-ecab-431f-8b58-87e411cba2a9
Irén Sárközy,7f213a8b-ae68-4983-b897-3ed82aff8d3b
István Harna,7285e7e1-9feb-4435-804e-5cd3196cc3df
István Kovács,fdccf00b-8673-43ca-aa6a-40ae3aab73a0
István Pásztor,beec9de6-f207-4ff4-a1ee-564291115418
Ivan Chaban,bb23798e-145c-406d-ba20-b4a7864a7ce0
Ivan Gašparovič,5e7eda25-1317-4d28-8121-595ed1462deb
Ivan Harman,5f636601-14f7-461c-8844-adb4db9def18
Ivan Hopta,6d9a15b7-baba-4e6f-aa2c-c934de6e93e4
Ivan Kiňo,3a163535-6fca-45c8-b672-30bb4d079010
Ivan Lexa,92506c91-66ec-4646-8c94-6e3eab712596
Ivan Mikloš,373e0840-a1c8-476a-8add-4feda55befed
Ivan Uhliarik,2dcbea81-bdbc-4e50-bae6-40c4911905be
Ivan Varga,9d9043ba-6cc4-4d9d-a4aa-b93bf05b4f8c
Ivan Šaško,9f0bcff3-a36f-4a22-a5ec-883474181d5b
Ivan Šimko,effe85fd-8e64-4a09-9739-ea4d33fa4932
Ivan Štefanec,c7c80970-8880-4b80-98f5-53738b2fa0ef
Ivan Švejna,17d3a107-8d20-4d2a-964a-67cba9d70778
Iveta Henzélyová,f7219cde-e45d-46c4-9739-a89baa5d7683
Iveta Lišková,5a411f1d-8020-4a20-8e97-8cdb917e9627
Iveta Radičová,456fb629-797c-451b-a9d0-8244ce448160
Iván Farkas,ed3f6249-1705-4f56-9cb6-601cd50acd43
Jakub Gajdošík,3e952114-7e1b-4515-a206-b8872d9dae91
Jana Cigániková,8cdc60be-8632-4380-9810-6e20b522bbeb
Jana Cigániková,9019a068-6391-4aa7-ad71-8de246a00763
Jana Dubovcová,04fa310e-503b-4733-a45a-bbda04b8de87
Jana Halušková,ac985974-f6f7-4f2a-b42f-c2bae34b163f
Jana Kiššová,129c4065-fb9d-4c27-b83a-f0fa249be74b
Jana Kiššová,a6cb62ca-a3c7-4dc1-b3a2-1f5367f84838
Jana Laššáková,8a32571e-feda-487a-bdfd-aec375c149d2
Jana Laššáková,96cd4a88-a770-40ef-810d-6c3e9cfdb577
Jana Nehézová,ad6f2523-b0f5-40a9-9736-3ed007049a62
Jana Nehézová,e1d5e714-a7f0-4737-a6ad-ddc8076d1709
Jana Vaľová,8dfcb533-7fab-4b8b-a3ab-6deb28c85dc2
Jana Vaľová,e01b204e-d7e0-4819-9b93-c38673461cef
Jana Štefanková,732f3c08-b689-46c9-9cdb-6f92c8c0b549
Jana Žitňanská,d9b75b50-f147-4903-92bf-935b4cc9162d
Janka Šípošová,c9848560-91f6-47f8-8499-71764ce14097
Jarmila Michalovová,86bf95f3-7cf5-4498-a69c-25b5e8fde45b
Jarmila Tkáčová,853f9de2-fef6-4205-92ae-97d89747c2c0
Jaroslav Baška,26fc4e39-b19b-4f21-947d-8b96ff3b4ef9
Jaroslav Baška,fd4bcdc3-9b6c-4c43-b15d-b1fe35d32a65
Jaroslav Demian,655d5b3b-eaf7-4379-894d-973653234bd6
Jaroslav Ivančo,f54fad7d-d8bb-4f0d-a52f-9cfc00a99a4e
Jaroslav Izák,60935340-d08e-4a4e-81e3-9954dabc8340
Jaroslav Jaduš,fa140423-813f-4d31-967c-40578d03da29
Jaroslav Paška,09e90f5b-369f-49b7-ab25-dc7841f3225c
Jaroslav Paška,8182bd99-d083-41e9-b98b-280d261623e4
Jaroslav Ridoško,4639e973-4b73-4666-a515-b77311c7ef7b
Jaroslav Ridoško,e9fdd83c-395d-4e4f-adef-b8a42d74b1f1
Jaroslav Slaný,a8b3eaab-9ae5-423b-9547-a6b3e06cb30d
Jaroslav Suja,64de4985-634d-4f24-af2e-3229a36d22c6
Jaroslav Volf,c0d827cd-ab82-4b33-84a8-83fdcbebc1b3
Jirko Malchárek,04a3bc9d-f138-4f31-b4df-14ce7641d1b6
Jozef Banáš,c218928e-a2ca-478f-b9e6-9761156f376d
Jozef Bobík,9db34d8c-d89c-4db1-b116-f797287e1a0d
Jozef Božík,4e2f5f0e-a4fd-4a62-9208-270f1fc7783f
Jozef Brhel,cdb369ba-e587-40f6-97d3-6eda21362611
Jozef Burian,4d4f65b2-dbb4-4973-af7e-3a1e50bd5dfa
Jozef Burian,5cf02211-657a-4d87-b133-00455ee1a5c5
Jozef Buček,10403c3d-22ba-4455-9710-c08528aed4c6
Jozef Buček,6d1bc9e9-b50b-4fd0-8122-808d1e64b007
Jozef Elsner,9e1fb33b-3691-48dc-8a26-4dfd102169c6
Jozef Gajdoš,71881f3c-da8b-49f1-a945-f8f543903591
Jozef Halecký,20106959-e3bd-411d-91d0-1ecfa82e6191
Jozef Heriban,9facd547-9dba-48ee-974d-7dcdbd7d035b
Jozef Hrdlička,c054eff6-b09a-4da2-8006-8e1ffbbc27b0
Jozef Hurban,5474cace-ccb8-4210-aa8a-ae9ed24a7b59
Jozef Ježík,6a3e7663-9d49-4e93-81ee-69f2435229e7
Jozef Ježík,f0d291f3-c97d-4ef3-81ee-a727adbc4a8b
Jozef Klemens,c07a9d1f-1e7a-4015-aa1b-e7038cea8615
Jozef Kollár,c24aae10-6932-4dcf-b753-91ed184f252d
Jozef Krumpolec,38ee8035-1ffa-4164-8d5e-487627a9683f
Jozef Kužma,c7aa93dc-810d-4432-b910-69bd52f030d6
Jozef Lukáč,201fe3a1-fac2-4ae3-b8b4-0851ab0f4f33
Jozef Lukáč,f1afe248-02c4-49bc-828b-377b009cbc12
Jozef Líška,00669312-0434-4153-aca3-0a9c236775e3
Jozef Migaš,b1b203fc-ec59-404b-a577-8262fd5f72c5
Jozef Mihál,330f5263-a35e-45eb-8ca7-c40487b31259
Jozef Mikloško,3ed26d3a-4a38-426d-af84-90521a6d76cd
Jozef Miklušičák,9aa63544-e6a1-4d17-8403-75cb66fbb86d
Jozef Mikuš,84b3697d-b376-46db-b6a5-e607d65c1fe2
Jozef Prokeš,bd83428b-1c6d-4c00-abf8-995d26a62c65
Jozef Rajtár,c1a50fce-a8c1-44e2-ad1d-1281148bcb6b
Jozef Rajtár,feedfc93-f0e0-4662-830c-e0e76c83c30d
Jozef Rydlo,6513a246-9c86-4302-b4a4-1129236f0741
Jozef Tarčák,08a891ce-09d2-4dbb-99ac-cf13be9bfdca
Jozef Tuchyňa,e99fd620-0078-4884-a1ce-58048a3ff148
Jozef Valocký,60b344f0-46e7-4dcf-b089-6de83d787778
Jozef Valocký,fc11e1ef-f1d0-4d76-9dbb-a208ee46f452
Jozef Viskupič,dd0f065e-6f80-438b-8f93-12898057e5e7
Jozef Viskupič,e96cc5b3-8290-4480-a35f-cc81c4b8eb1b
Jozef Ďuračka,30aa21a1-830c-4559-9912-cfc3b651a1c2
Jozef Ševc,726af828-bf20-4e9c-a477-f19fabe1f786
Jozef Šimko,5d6ce297-4ca7-4b26-a156-47ab92057fe2
Juraj Blanár,59377c94-023f-4f82-b311-49f92d6ced6e
Juraj Blanár,b18525c7-16d3-4bfb-8276-28dad3e0cd91
Juraj Droba,266f66fc-37ff-4c3f-8407-431b79a86174
Juraj Droba,77fc15ec-df4c-4085-87a4-4f33fe159f6a
Juraj Horváth,924b32e2-6447-4c9e-9131-fa5dadcd4ebd
Juraj Hraško,50a8b9f2-e7bb-4c33-8af5-b2c48c5ac5cd
Juraj Kolesár,85b1087a-d96a-4fa7-93c9-81fb7b3444d4
Juraj Kolesár,9e9c82e5-9d01-43a0-9456-6a350a456f64
Juraj Liška,ae968ef9-5e49-4e07-98af-7d70486be63b
Juraj Švec,fad99bc9-7ac7-4a04-85df-1213000c5d7e
Ján Babič,b6d8d43a-c699-42e1-b735-acdac37088fe
Ján Benčat,8a9d6311-d0e6-45ae-a3f9-0e26735c811f
Ján Bielik,f56f94ac-c1ea-4f0c-8c68-1c1a903cd13b
Ján Budaj,54c9bd1e-e4c2-4503-8e9d-9056e19ff927
Ján Budaj,5874d171-540b-4371-ad16-76adacebd6d4
Ján Chrbet,7f232e86-46d1-44b5-86c7-be3ba6f12874
Ján Cuper,6c90e2d6-1f92-45bb-9045-e150bbb99363
Ján Danko,4ce9aff2-6002-495c-956b-95915bd4e9ba
Ján Dlhopolček,794b45f4-1725-46ca-b859-5b21ab0637d1
Ján Drgonec,8f6fb981-c393-4b41-bc34-cc45bbbfd6d6
Ján Figeľ,080004ef-c92a-445d-a056-50a674459162
Ján Gabriel,1cd50b42-6cea-4bd9-8da7-8cbe30d7a95a
Ján Golian,8deec7eb-1cef-44ba-9434-184e587db02a
Ján Hudacký,9bb63d2b-088a-4d3e-b84b-5c5439ac7982
Ján Jasovský,14df9722-b4d8-4cf8-944f-266a99b10656
Ján Kecskés,6605ac1f-bf44-4958-9256-e3a1245c58b2
Ján Kecskés,c7cac196-9ab6-406c-84a1-c1b90018ce98
Ján Kovarčík,3f9d1d5a-756e-49e4-ac06-569ffdb4c7c5
Ján Kvorka,35d67a40-a760-4cb8-8c89-a4d140fe4ede
Ján Kvorka,e9329ff4-4ca1-4be2-a21e-bf220de30cfb
Ján Langoš,2f53eef4-f025-4f09-b43c-df0c7fc91d63
Ján Marosz,1fb347c7-442a-410a-a933-670334e7e66e
Ján Marosz,bf7a7d06-6a91-47ea-a554-e87960640077
Ján Mikolaj,423d06db-56fc-429d-9486-22a2da8f6ac9
Ján Mikuš,e572cc70-a206-46ba-80b0-4ee12fffb2c4
Ján Mičovský,1c92c17c-e0fe-4559-bebb-545e569aae57
Ján Mora,7650d1dd-5902-43b5-ad30-3f8c677f36e3
Ján Mora,b3d37344-b463-49e3-a8e6-1963c69e42b7
Ján Pataky,538be1ea-67b7-40a9-9b24-b91ae2e2c81c
Ján Podmanický,4ecdf6a5-ea0f-4589-9fb7-b3464cf93dcd
Ján Podmanický,f8b11242-5766-4386-88f1-435b5074bafd
Ján Počiatek,ae08906d-8950-4cda-81c4-e1b6a867a8a8
Ján Richter,c220bdf0-6d68-4c51-a39c-bb515dab94a5
Ján Rusnák,b2091165-611e-4968-a586-cd6a5dbd0c49
Ján Senko,1460598e-c38b-4c49-85c3-84941e265bb1
Ján Senko,3f85db31-a48d-40f2-86af-aad705f9ed36
Ján Slabý,ab09a83d-5497-46df-96ba-e559eb09b656
Ján Slota,4c183b24-23a6-4f39-a4b2-8df7260b2522
Ján Smerek,e38e42c8-4aa8-4693-9838-4805467adb69
Ján Zvonár,70a649ca-1961-400c-8039-36c6aed225fe
Ján Čech,d352d674-c34e-44cb-89b6-6c1508aa9531
Ján Šimko,7d6b454d-d247-432e-978c-4e8cd2c6f0cd
János Szigeti,7b3922ac-2911-4e5f-8774-199a22b5e527
József Berényi,92b08bb0-7ca8-473f-b0e5-dc763246dc1d
József Kvarda,5ba33c98-2d2f-4581-b171-4f8c58327eb2
József Nagy,2efe6d74-0d37-4a87-87e7-1d17e8ef246d
Július Binder,dd8dbd7a-f261-4c82-8998-bbc534f9a3ed
Július Brocka,22ce3585-2068-4ff8-943a-1c20b729c9d2
Július Stanko,654fdb09-5148-4f0a-bc84-1ad5b1467ef6
Kamil Homoľa,9eadeba7-689d-43bb-81c8-ae26acff7b68
Kamil Krnáč,11e54690-f035-4d3b-8eca-22fc5230e176
Kamila Jandzíková,67d1225f-c39f-4b41-afce-b262ce6b1964
Karol Džupa,c669e192-faba-4835-8c5d-2a9b6e6b7ae6
Karol Fajnor,6f13e6ad-15b5-4c77-a2dd-0e039d57dd1a
Karol Farkašovský,373a96d4-22c4-484f-8c2c-2e4a4d305a22
Karol Farkašovský,39f141a5-a069-4198-99d9-388ccf2c27de
Karol Galek,cd8e466d-63c0-4a9b-a5a4-2cdb43f0d62b
Karol Galek,f8e72c63-b586-4b99-8068-7328a2f45bcb
Karol Mitrík,3da1f562-8f74-4c27-acfc-175ddfe458da
Karol Ondriaš,6b30d5b7-6949-4a89-97d0-367070bb5f5e
Katarina Čižmáriková,4547898c-e256-42bb-8af4-5935e6207c9e
Katarína Cibulková,576177ae-9fd2-4260-8085-37d42d5d7860
Katarína Cséfalvayová,20c224b5-3841-4521-b32a-a734c50522fe
Katarína Cséfalvayová,30f4295c-d1c7-4241-ad3f-e0e343e85997
Katarína Macháčková,973d4927-0437-4ba4-b160-47a7a6a5875b
Katarína Tóthová,6bac021d-a9dc-4dfd-8c98-57ef4b6641d3
Klára Sárközy,9c377a84-fac1-4a76-bf6e-dd13f30bfbde
Ladislav Ambróš,50c47eb4-5c54-43be-9ddd-27b56d417b25
Ladislav Andreánsky,22b2b440-cf80-4ef8-b3d5-0978b60bf50a
Ladislav Andreánsky,528f109d-0415-445c-a0a0-8e87e011adfc
Ladislav Ballek,bc110ab3-6681-4452-8d79-30883a579d95
Ladislav Kamenický,ad6eebe1-064f-45c3-95a9-2295987b5769
Ladislav Kamenický,b74ffac1-40cd-46b6-ac1f-790718ab0c4f
Ladislav Lazár,a844af74-086a-4d83-9ecf-bc3d29fa2c8e
Ladislav Orosz,2cd79e11-35ab-43b7-9d71-a7552a791624
Ladislav Pittner,ef195388-ea05-4b0c-9a71-6ff245fcaafd
Ladislav Polka,629bfe58-6848-45e2-988d-2db73bcebe3b
Lajos Ladányi,1bb3d067-b620-45b8-8b5f-306fa1cfaee6
Lajos Mészáros,a8ba36e1-a801-4193-9ef1-7c420e2f12f5
Lea Grečková,8cc1c5fd-865d-42a1-b373-eae5c2f28735
Libuša Martinčeková,2ce4b6e0-6f23-4e9d-b4e1-1d56a0f4a3cf
Luboš Blaha,8abb113a-98c3-4640-a97b-35c883c2ae4c
Lucia Nicholsonová,a07bcb00-dc74-4846-a344-0f7da349b6d5
Lucia Ďuriš Nicholsonová,8eb6b6b0-af6d-4733-b283-c69c81ee9702
Lucia Ďuriš Nicholsonová,a07bcb00-dc74-4846-a344-0f7da349b6d5
Lucia Žitňanská,1a8737d5-e610-4374-9088-460f6eadec55
László A. Nagy,64c5bbd6-f1e1-47d5-8380-c12fd2fb130a
László Gyurovszky,53089ba8-506e-4cf2-accc-da3b34663106
László Hóka,8cc5f63a-9112-4bad-a2eb-3c1ae0cd52e1
László Köteles,057ac705-154a-4386-b27b-4eb5556cd541
László Miklós,cef58c53-6d10-467a-b977-23b5a68b13ba
László Pomothy,241c5db6-4e39-4bc9-be46-da1433481b24
László Szigeti,2b81e35f-006d-4176-ad01-d192d73ec509
László Sólymos,8265e6e9-3aeb-498a-b351-5ad931292069
Magda Košútová,0a8bb260-a307-4bee-8135-6e0269dd930c
Magdaléna Kuciaňová,888f3880-aa1b-48f1-8477-4dad84440d33
Magdaléna Kuciaňová,97969990-0826-4210-b04b-90a563cfa359
Magdaléna Vášáryová,9b3f1573-351e-427d-a410-198266eb2314
Marcela Pčolinská,b55f060c-07e9-4ae3-a4f2-08020ac5f103
Marek Krajčí,2b82e733-d2b7-4d5f-bbc0-1785c5ecf787
Marek Krajčí,a97f8a19-fb23-4cc2-b016-313d8537532e
Marek Maďarič,24717ba7-c02b-40ee-a803-f8c3fec8af4d
Marek Vargovčák,24bf531d-347d-496b-9bf4-cf1acfde570c
Marian Antecký,657cdb94-6968-467e-8acd-ec815324829a
Marian Kotleba,4cab336f-3a4c-45f7-82ab-4f193c08469f
Marian Kotleba,b6069728-8403-4c69-bb28-ae29a675e5cd
Marian Záhumenský,64afd805-2b5b-4967-a2c9-0f7ef8fdf3b3
Marián Andel,706c12b1-f8a0-4985-8fe9-1f9265c2a830
Marián Haľko,f1467417-bd70-4b68-89ea-637dff420356
Marián Kovačócy,f7426591-a21e-4517-ae72-6e61374918ca
Marián Kvasnička,4c07fd20-8855-48a9-9924-e1a8fc7091c3
Marián Kéry,0bb3c3c1-fd99-48c2-8835-786e8d1ea5b0
Marián Kéry,afa4f06e-b2f1-4af3-8508-81d83a060c70
Marián Mesiarik,7c28d27f-2d43-4ec1-b946-a11c08c76810
Marián Radošovský,5ec4232d-3880-4f0f-a90a-2f2fcfa109a5
Marián Saloň,3930f936-4fff-43ae-9dd5-e6c45b15bb6e
Maroš Kondrót,a0d8e28d-2766-4459-ad53-61b749c77f2f
Maroš Kondrót,a87a37b9-9e7c-4b0a-b670-0e68de065ebb
Maroš Púchovský,2cc3dd4d-e40d-41e5-80de-638570b1eb30
Marta Aibeková,167f91b1-8305-40aa-b117-30bba978dff1
Marta Damborská,961db0c5-4c76-48f9-bf0c-a01bf4d14947
Marta Podhradská,a52cbb66-f841-4818-adae-6c817bd7b375
Martin Beluský,774d7963-ac57-4448-a5b5-4cc3ee3249f0
Martin Beluský,8f62ff4a-1c73-472c-a77b-cdca96240a8e
Martin Chren,c4465b9b-3c00-4934-ab62-db03efb6fa3d
Martin Fecko,02865b8b-097f-48cb-84e0-b09aa23dfd8b
Martin Fecko,7f8ec49f-a901-4345-9248-6f98f5df0c95
Martin Fedor,000cbd0a-a5df-4e57-a77d-1bade2417a09
Martin Fedor,920643b1-4a06-44a7-b5f4-4bd985a885b6
Martin Fronc,95253cf3-1d9b-474a-8a1d-2e189b4b07e8
Martin Glváč,2f641a85-209c-4491-92a5-dad568690c7e
Martin Glváč,be8fec33-6bb3-4a7a-aee9-6349e8ed8619
Martin Klus,33a0b2fd-f878-4a2b-b26e-beceb1f2aff9
Martin Klus,a9b13cf8-ebdd-447a-a514-0209af651689
Martin Kotleba,ab3da87b-eb6b-438a-8e5f-7efcc82835ff
Martin Kotleba,c8e7ebe5-434b-478c-afa6-1a4a15e502fa
Martin Kujan,1a47b0c8-de22-419e-a706-7b555beb8ec8
Martin Kuruc,b3cbcb08-148f-4c1f-ae88-7e0e79760eb7
Martin Nemky,59b44109-5772-4bda-8f23-1fbd96d8dff3
Martin Nemky,90c27e3c-3e1b-45ea-85af-9751d046c53f
Martin Pado,6484dabb-12c8-41ef-95d5-03c968b0fc9f
Martin Poliačik,687e7ba4-6d53-4bf4-a30e-900579fcb850
Martin Poliačik,8190a91a-6ca4-42c3-9b1f-376d03bc7674
Martina Šimkovičová,ed931aa4-b637-4ffe-89b3-7a1e7938aaba
Melánia Kolláriková,e0b7d28f-3820-4b27-96a0-7758175054dc
Michal Bagačka,4ebd006b-6e83-4357-b66d-c7fa8eadd338
Michal Bagačka,a14c6b3b-1525-45b4-92fd-fc7af89aca2e
Michal Drobný,cf78b94c-f5e5-46d6-9ca8-13db909a0735
Michal Lukša,2035b6ad-2eb9-44e0-9701-20d5b99fed12
Michal Vajda,e953a40c-c492-4ea3-9fc2-bca5bed2d65a
Miklós Duray,cec04a4b-bdc8-4b6c-b059-5d25419aabaf
Miklós Fehér,7342ed49-3bb6-4191-86b8-d63be1525384
Mikuláš Dzurinda,7ab7d92b-12b4-467f-9555-e81e558bf5e7
Mikuláš Juščík,9f9b9091-45ea-4661-83bd-6b311013d561
Mikuláš Krajkovič,9eed0eb4-39ac-4d90-a453-fdc0c2830692
Mikuláš Krajkovič,a6054adb-f1d7-43a5-9f18-bdfb7a60a36a
Milada Belásová,33d98b6d-e49e-4de2-8e58-38d323101966
Milan Benkovský,fbe0e6a1-3d28-4e78-92bd-f831b975bdcb
Milan Cagala,4d76f2c8-8c69-4e45-aa99-081c877302ca
Milan Ftáčnik,f66e8205-02d0-48f0-82ad-01f9fd42fe80
Milan Gaľa,ef584051-dd75-4bd2-a066-5d958b1d2cce
Milan Géci,a4f74776-4f9f-468f-a218-067242ce55e0
Milan Halúz,f1ce04e2-ca5f-4a17-8d9c-ff8b7f2364ab
Milan Hort,08981058-1e3f-425b-81d5-eb3bda756096
Milan Ištván,2a0c2315-0a42-4627-9c23-a6ad21598400
Milan Ježovica,55e3a735-3f1d-4075-b767-a858c4c6e90b
Milan Krajniak,9cf070d7-4488-401e-ae55-625c26c6b064
Milan Krajniak,a52e74ec-7b32-4461-adb0-82c5bd490c46
Milan Kňažko,cfdf1ae6-5c0f-4b86-beb4-bce197086498
Milan Laurenčík,acb2fadb-b3ba-4216-bb93-6f1d595d794f
Milan Laurenčík,f351b4b0-20f8-4659-b2fe-91815bbc68a4
Milan Mazurek,99ac6de0-643d-4518-9a4d-77e1d37ff326
Milan Mazurek,c60d09ee-fe10-4120-bf16-8e0589c37d1c
Milan Mojš,d68db4c9-1671-487e-af74-d5c6f08757b6
Milan Mojš,dec52d7e-3b00-4ca4-b8c6-b55becba2ac0
Milan Murgaš,0130a720-e919-43eb-8151-af9561ce0141
Milan Panáček,8f4a6353-1cca-4e61-8466-d7a62f8ff5f0
Milan Panáček,ffad56c0-5c0f-4f46-a8e8-3ac42c4fca36
Milan Rehák,7ece8683-4ea4-46e0-8d0a-bec54856a982
Milan Topoli,425b279e-1b82-4c88-bb89-c728fbeef0f6
Milan Uhrík,4c355a2f-212e-41f2-a4e6-28d7f3fda3e9
Milan Uhrík,a1af6811-a269-430f-9a5d-7eadc5b32823
Milan Urbáni,3acfd8e1-ba0f-4bd5-b621-c599f26287a8
Miloslav Suchár,8790548c-ea44-422e-a336-2c64d9762ccf
Miroslav Abelovský,3ca59cf1-da27-4adf-a557-2220136d0f30
Miroslav Beblavý,7c30bf9b-4570-45f8-add6-2366c3dccec1
Miroslav Beblavý,aecfadb8-d8e6-48c2-9636-3ea8e1750fb4
Miroslav Chovanec,7bac23bb-9f1b-4d45-8dbd-b04ccb85c688
Miroslav Ivan,1fd3b680-96e1-4623-b01b-ff7385de7fa9
Miroslav Ivan,b0dace96-e5bf-4236-96fe-0ef50f4cc522
Miroslav Jureňa,ce88e0dc-10df-432a-9835-47d97e318c11
Miroslav Kadúc,dfc10a65-79f9-47f6-8fb1-edbacd39f0c0
Miroslav Kotian,ac1805db-406f-4adf-83f2-90918a573dcc
Miroslav Maxon,31e457c3-534b-4e92-8759-d5b99f04c418
Miroslav Mikolášik,781759ad-46ca-4ae4-893a-66d79212e0d7
Miroslav Sopko,b5c0dd4e-fc75-4df5-a9f1-2665810965cf
Miroslav Sopko,e5c2819b-542c-45f8-9029-a78cf4f6fe36
Miroslav Číž,5d4a2544-0702-4950-8f3f-adb030c5bd46
Miroslav Číž,61b092c9-72b2-4b56-9f50-440a25d5cb06
Mojmír Mamojka,db1c4556-f701-4a27-a321-7e201c1e5c96
Monika Beňová,87d8f2d1-bd2f-4814-8195-7d9b49a254eb
Monika Gibalová,0a8493cb-6a11-4c74-8239-d37692bfcf3f
Monika Smolková,c58af533-ffb7-4647-a741-332d03eee07f
Mária Angelovičová,bef42191-286c-4319-8b46-9eb861483282
Mária Demeterová,22fff7d6-ee0a-452d-b62b-72059ca41527
Mária Janíková,8877a6af-6910-4405-b65f-51565db268a4
Mária Janíková,a01c33ce-47df-4b52-b3ff-21d272de7300
Mária Kadlečíková,7fd37ea9-fa5e-4c5b-b46b-bc1f65f091ef
Mária Machová,bfe2bbf0-47e6-46b2-9465-1ec847c7f7cd
Mária Majdová,fdccb013-e25f-42a9-9151-f15a0cf3e974
Mária Sabolová,190467ca-4773-412a-b672-3580ccfff650
Natália Blahová,33f45405-a288-497f-a089-29a597ef76dd
Natália Blahová,d0ef6665-a921-4bae-a5a6-802b8b174397
Natália Grausová,267a13ed-b733-46b7-b098-8b9375ab45ea
Natália Grausová,8c6ff38c-f1e1-4d04-b207-da5bd3f7d045
Olga Szabó,76261dd9-d9e9-4d49-85ec-5612c7510386
Ondrej Dostál,7a60c922-481e-4fe0-a029-84a726a60ca1
Ondrej Dostál,d43ca3d7-c5d1-46ac-8743-7c11e98182e6
Ondrej Matej,72d865b6-d3a3-4412-9f48-d8924c78e4b4
Oto Žarnay,2babfc66-5962-4264-95b8-d73e1aa7e769
Otto Brixi,a10446ea-143f-467f-a378-eb1c34f85eeb
Oľga Keltošová,478d0331-17f9-44f3-8a19-c48403ce30b3
Oľga Nachtmannová,05043a4d-1f76-411e-965a-bde0a706ad19
Oľga Nachtmannová,3b5d2de4-e860-40c6-8704-14371c49cd2c
Pavel Delinga,b86db2be-63ff-429b-8df6-eb1d4b49bdab
Pavel Kandráč,c31635c5-9dcf-4dc9-911a-d00a752d5abb
Pavel Koncoš,9e845072-69aa-49a0-aaf7-9631780bbe2a
Pavel Šťastný,22e4bab6-338f-4399-9a58-98c22db16d9b
Pavol Abrhan,8f5209ba-d251-40af-a0aa-1862db342cc6
Pavol Džurina,28c27975-fdd2-4c57-a26b-1b218a646919
Pavol Frešo,cb7fd589-a98d-4d26-93cb-9e76968973d6
Pavol Goga,350214b9-0fb8-4955-8942-ad7fd669148c
Pavol Goga,d3e41f7a-92a9-4ff0-8dbc-000fe48dca1d
Pavol Hajdúk,08d67a33-b172-4597-aa4a-ded7c614a193
Pavol Hamžík,4e24e265-f271-4517-80df-75a5530542b7
Pavol Hladký,11592371-5a39-472c-91d1-132ee844193c
Pavol Hrušovský,37d1473a-7952-4cec-9913-3451fda53da8
Pavol Kanis,b704dd9d-62d7-4c43-9a57-cba853d5c7c4
Pavol Kačic,410e1220-ca81-4bde-8e7b-8c8dc4e860c9
Pavol Kubovič,f7adb8be-9766-47c9-a723-1b93f87fb1c1
Pavol Kuljaček,8ac41fbd-cbc3-439d-bb67-c37307934f45
Pavol Minárik,d4f1335d-7ab6-4ecf-b7c4-ca9eae059038
Pavol Pavlis,06c31d08-4823-4452-8d77-56710cf0a839
Pavol Paška,1aa32b1b-9fb9-4f17-a36e-61ee0fac71ab
Pavol Prokopovič,24a3b96b-a6ab-4007-bc63-1aac83fe0e07
Pavol Rusko,c8ecbb09-24bd-4528-b712-05babab998db
Pavol Vrždák,69229028-f464-4e53-a0b9-6bdb1a46224e
Pavol Zajac,87f39ae0-2cac-49ca-8195-8fdb8aeaeef0
Pavol Števček,833e9a63-c8a2-43bd-844b-c3b80c399db7
Peter Antal,0550f902-6fd5-4072-b5ad-118f39b041bd
Peter Antal,9e84e6bd-726b-405b-aa28-d9f8a9641daa
Peter Biroš,c1629679-4820-459a-aa44-1464a5c3ff13
Peter Bohunický,b673ce19-84d1-4c01-8967-d2592360b1b7
Peter Brňák,87275281-f060-441a-9034-ae160d366af2
Peter Bódy,3a17c173-c1bc-45d2-82df-d4c184aad12d
Peter Chudík,77a0b076-d4c2-4f17-98f1-0aa789f30b1e
Peter Chudík,e38d237a-9cc5-44ae-b3ae-b538abde7ecd
Peter Dubravay,2976d17a-cdd0-40ab-bab0-d3b53d284af6
Peter Finďo,a17e72d8-faf1-4d58-a415-40aa61d2ac95
Peter Fitz,d0362a34-980b-497b-aec9-a6e4feffee3d
Peter Gabura,f21a5e9d-6e9a-4d21-b927-9820c069f443
Peter Gaži,3e89ad49-bb82-422a-90b6-56c6583a799e
Peter Kalist,763d0662-ece0-4319-9512-e8012e27b336
Peter Kažimír,be747c18-5603-436e-ab82-061e80479c21
Peter Košút,ea509685-986f-4d32-9084-fae2329e4902
Peter Kresák,47fdef76-ffaf-4735-851c-6742219cd368
Peter Kresák,68bcef90-5b67-414b-935f-b85db8babe84
Peter Kresánek,55d99e92-25be-4f42-8282-1c2a3ce7deff
Peter Krupa,5fe653c1-6708-4e56-9780-688300ee8a97
Peter Krupa,a8ffce9b-aaee-4384-abb5-2c0762bfff5a
Peter Magvaši,dd133852-90f2-4c29-a028-caa26f6b63e9
Peter Markovič,7f397a3c-00ff-494d-8018-3a4f88633d9e
Peter Marček,03d092db-5bb1-4f44-9ef7-41b5627fae2d
Peter Miššík,eb3433fd-4f2e-4a07-9797-a9912eff35d8
Peter Muránsky,c9a376a0-85e1-4589-bafd-f5c1f505c51b
Peter Náhlik,c0f85b4e-44be-4063-8ab2-17060948ec33
Peter Náhlik,f3a81b4c-f843-42ca-a2d0-b6ea6a6cdd8a
Peter Obrimčák,1e7440a1-0fcb-4d47-a452-8de684c0c67b
Peter Oremus,ae498be2-358c-4f87-9057-f1a9225c1420
Peter Osuský,798d7f1d-e063-4fd8-bdef-e9e68abc77c7
Peter Osuský,e998606a-f4d7-4fc1-9c9b-3a75c34c46ea
Peter Ošváth,f8fe3054-6bb6-4bac-8e88-8aa766c8c205
Peter Pamula,53ca07d7-34af-48b9-a762-9a87d3aae44e
Peter Pamula,f803ad9b-8fa9-4cab-9f04-edab0110e13f
Peter Pellegrini,b0018965-d7fe-4c29-8a8e-134bff1f246f
Peter Pollák,abfcf166-129d-477d-995c-d676c729a5d7
Peter Pčolinský,35f7738f-f257-43b7-8e33-18f10091d44d
Peter Pčolinský,fe438408-57dd-4ce3-8c45-c3e63231138a
Peter Tatár,669e9dd8-4950-42f2-a21e-b41c04e60bb8
Peter Weiss,85093d4f-d5a8-45dc-95b8-d92fcf4cb861
Peter Zajac,041329ea-723a-4e98-b5d0-a736d63d9a5b
Peter Ďuračka,20e42ff1-1e76-49c2-baab-563d42911714
Peter Štarchoň,51c5de9a-39da-4a46-bbd7-df833c2d164a
Peter Štarchoň,c23ed11b-d422-4c42-82a5-04f357049b95
Peter Šuca,0dd83f67-1ea9-4f74-b901-1654bc946b3e
Peter Šuca,99182e24-4eac-4dbb-bc6f-6e962f8c973b
Peter Žiga,2f7277b5-1ade-40ef-a838-3b27acbc7394
Petra Krištúfková,5e2ed2cb-a168-484b-886b-f93c829b58eb
Petra Krištúfková,c9d4321f-18b9-4da2-8b89-9f01d3c0eb53
Petra Masácová,14d7ba6d-bfd8-47c1-ae4d-147301cab5bc
Pál Csáky,4b78fadf-3366-483c-a529-eade348beb30
Pál Farkas,82c0d496-3de7-49ed-9c98-60a2a8e429b0
Pál Keszegh,b0c029eb-0bf7-4776-989b-8d374c98221e
Péter Vörös,9bb58522-f063-4684-8bad-91dc5b8a5e1a
Péter Vörös,e6e4c0de-bbb2-4516-9337-6e72fb017632
Radoslav Procházka,71a50c5b-ec4e-4664-9d23-4ca52966f3fd
Radoslav Procházka,8d304b0b-fdeb-40d1-9f6c-8ee70208f65f
Radovan Baláž,20935c6d-08eb-4ddc-b0c3-0ff52b1a945f
Radovan Baláž,9891e32a-b1a2-4181-956f-fcab56b580df
Rafael Rafaj,bf88f297-7c8d-4b29-857d-90ac8d542343
Rastislav Holúbek,1f036ba8-a890-4251-a613-9ff742654689
Rastislav Schlosár,53768dda-436b-486e-89fb-94d744454f31
Rastislav Schlosár,c53c9e9e-204c-4a3a-8684-d2779cb52c2c
Rastislav Čepák,3219753f-6bdf-411b-8b8c-6f0e72c9af51
Rastislav Šepták,2b2bad75-a485-44af-b3d1-32b7cfe55f13
Renáta Kaščáková,78de1212-1147-48e1-bace-4de88975662d
Renáta Kaščáková,ef8c2b72-b0f5-4c1b-9380-0ffad736e085
Renáta Zmajkovičová,061ce6bd-4a22-4ca6-8e84-b1f3ce9d3224
Richard Oravec,a6864690-5dde-4abd-9d59-f2f8f8d20483
Richard Raši,33f8469b-a3f8-4b3a-b0b4-20e2862a34e0
Richard Raši,d3df5888-5498-46cc-af3f-8c223000baac
Richard Sulík,7c937e99-a0d3-431b-baea-0b78512e2d40
Richard Vašečka,5fdc6ac7-890a-4368-a86c-fe9883cb5d39
Richard Vašečka,800304eb-b77d-4fab-baf7-2d221dd5b04c
Richard Švihura,5273a1bb-cf59-4c59-9290-e7635d118cdf
Richárd Hamerlik,22bb0d9a-261e-4b55-8fd4-afb3242e2cdb
Robert Fico,3dc6aa49-1de8-461e-b082-aaaa7d7bd029
Robert Kaliňák,70a22a60-d72d-4652-b136-e8dabd059ec0
Robert Nemcsics,fbb7b716-ba5f-4b6c-b1e4-ada09626d1a8
Roman Hofbauer,eee16355-3bc5-4c82-baf1-52e0f0cfc3e4
Roman Kováč,05410b7f-3e41-4c14-b4e5-220229f437bc
Roman Vavrík,c3c8c03a-6bc1-4c50-8e71-c5ed6657a3b5
Roman Šipoš,d3684270-9ec9-4f73-853a-011418e1f8c3
Rudolf Bauer,bbef05f5-57dd-43c8-a200-83ca06c78ba9
Rudolf Chmel,c28de035-8c63-499a-9c6e-85f057d5f8c2
Rudolf Pučík,6add607d-94e3-435f-a7b9-a9652fe19c33
Rudolf Schuster,ef4034be-5ed4-4c6d-8cb7-8dec8ff21416
Rudolf Sokol,5653bb77-d9f1-4ce1-b3e2-2fe7e09e5d66
Rudolf Zajac,a7623a6e-a490-4d41-a050-5de57aee5d6d
Rudolf Žiak,64f35ebf-72d4-4426-a197-a392a14f72f6
Róbert Madej,2795d7a8-1c1c-42ba-941e-fe2260885951
Róbert Madej,7c7c7a87-8d7f-4c5b-8043-1c109e7d36af
Róbert Puci,24c8a90a-b707-41f3-a0f2-eba9c027648a
Róbert Puci,627309aa-1c75-44cd-9fc4-74c5aa7fd944
Samuel Zubo,80cca1e4-6f61-4b08-95f3-da37b33e6abc
Sergej Chelemendik,25400df1-9000-4adf-b701-f5efd4512059
Sergej Kozlík,55afe2ad-5b40-4fc9-a155-7a2ef711d9a5
Silvia Shahzad,588128a8-6991-4d52-b9bc-a0a2de6037ff
Silvia Shahzad,ad8208a0-d866-45cd-aaf3-f618aa433834
Simon Zsolt,be6a356a-f4ad-4c28-b1cb-8bd18ddb9151
Simona Petrík,0234379d-8105-4548-9949-e235bb11a7dc
Soňa Gaborčáková,0b5ae317-5d1a-480f-b88d-f574fd66ad5f
Soňa Gaborčáková,aeb59519-9d48-4004-8dd7-7d68150ac4aa
Stanislav Bartoš,8763d052-5bfa-4eab-9a5b-740ed2fdb211
Stanislav Drobný,8e337a80-4e52-44ad-b53d-fd831a293ba6
Stanislav Drobný,d593e0ee-a9e1-4532-9d84-f6b9f974bfee
Stanislav Fořt,dfb265c5-b82e-4f0d-825d-cf76b19d325b
Stanislav Husár,c5686b14-6971-4c61-9f2e-90db9fe61990
Stanislav Janiš,5481199f-3c0c-4907-9885-2049aef229f6
Stanislav Kahanec,6a4923cf-b6ac-4771-82b4-4d9d08f1887c
Stanislav Kmec,11079125-9ea0-4527-93bd-1d1c8319d9fa
Stanislav Kmec,7c4fb548-2452-4862-8371-a95577fc8318
Stanislav Kropilák,d834d2e8-0f15-42f1-8fe0-fc86bacd022f
Stanislav Kubánek,32b09da0-f2d0-4ad4-8f95-6a1bf35d84b2
Stanislav Kubánek,9476ff14-b46f-4b74-959f-295344d92450
Stanislav Mizík,1b14b799-1674-4fd5-a349-b3b5557c963a
Stanislav Mizík,d118a960-2f70-4775-9417-a028aa6c34df
Stanislav Škoda,13ce8b0e-3427-4047-8f65-7e00481d7fb0
Svetlana Pavlovičová,f3a886ab-4bff-4f51-8420-738dba772455
Szilárd Somogyi,7e388bf1-d7ed-40e4-9f50-96d22fa13953
Sándor Albert,af3af0d8-27fd-417a-85c4-cb230813cd3a
Tatiana Rosová,6cc56cc0-8674-4ff9-ade1-1954b186571c
Tibor Bastrnák,4c9ef114-8d03-4a96-a2b4-2b6b020042c8
Tibor Bastrnák,a54983ac-39d5-4f44-b6a1-1be14b8378b1
Tibor Bernaťák,2ce7ecb9-5ece-40a5-b76d-d9c24a5c2c9d
Tibor Bernaťák,b69003fb-d2c5-41d5-8613-e49ff7c13843
Tibor Cabaj,0b88ab79-95b4-4bd5-898a-e5b5b5f5d48c
Tibor Glenda,3ac36734-7df1-40a1-8e4c-7826a401c56f
Tibor Glenda,bd429958-0a24-45cc-8862-e0c34db83de5
Tibor Jančula,0a765565-cfc8-42c4-ac96-315c27156c13
Tibor Jančula,8dabb90d-0319-459a-b8f2-642eeac57570
Tibor Lebocký,0e10df53-72a3-4880-9c17-25a9ca4fa906
Tibor Mikuš,c49f7dc7-1495-4497-a7a0-7b236b6ab199
Tibor Tóth,2ad769db-9c90-4dc1-ab62-939b4ebb7b36
Tibor Šagát,13dcf03f-1656-4554-9f51-6687fb354de9
Tomáš Galbavý,a9a6d091-7f0e-429f-9142-b608eac77282
Tomáš Korček,83d6bc6e-3021-4003-af18-3afb68e2e055
Valentín Švidroň,22d242de-cfda-4e8a-b56f-2cf8251d9969
Veronika Remišová,062ca50c-2149-4b34-b28d-e545e11a151d
Veronika Remišová,bb865554-4d91-4527-a344-699aee5598bf
Viera Dubačová,580440f8-ab17-49b8-9343-0d715cd6074e
Viera Kučerová,728e388c-058f-49d7-9b11-56b04b724d34
Viera Mazúrová,50d05306-8ab1-4a92-be7b-ac087df82000
Viera Rusková,801bde3d-14c6-468f-816e-3256bc27ea48
Viera Tomanová,dfbd9036-4cfe-48d7-9287-7ac608bafdaf
Viera Šedivcová,75f1cf82-cd74-49ec-9a6d-7bbf6b4c4b80
Viktor Béreš,9a618ef0-ccd2-4a6c-a913-554deb65e1f3
Viktor Stromček,bbcf0c72-8efd-4265-a602-19f1b0e6f4fd
Viliam Holeva,8620c299-6425-45b7-830a-26d71a47d14e
Viliam Jasaň,c91a8832-0aa8-4584-9a67-3658786484a2
Viliam Novotný,aa8b6940-95f5-40c4-94d7-c332a5a93042
Viliam Oberhauser,2aad4907-1bc3-4c34-a5b9-c63cd92714ac
Viliam Soboňa,7e4ae7e9-ab81-49c3-b676-e974dc988bc0
Viliam Sopko,4b691a1a-1c1e-4f77-9a7c-64394b596140
Viliam Vaškovič,0038a188-45e9-4fcb-917d-5f0778e72d6c
Viliam Veteška,55ae0029-4f5b-4cdf-94e0-3237d0cccc69
Vincent Lukáč,8d90937a-8cbf-4bab-af35-439b32f29cc8
Vladimír Bajan,58daf9b3-53d3-4012-8b2e-39f719af70a8
Vladimír Baláž,98ebfb32-e04b-40fd-8d10-3fa9aa4687b4
Vladimír Baláž,b8c8234e-5428-41d6-b690-958d0cc528d2
Vladimír Faič,a61c8a9c-a078-48f2-9d56-ac852299f8aa
Vladimír Faič,ea4066e1-4d9d-4aed-ad4e-71a9c9e9bb3c
Vladimír Horák,0b6551de-b11d-43aa-9640-c782b1c05b21
Vladimír Jánoš,870c1476-48e5-4cb3-b3e2-e93d2320eaec
Vladimír Matejička,430b88db-897e-4094-abf8-260e81c996c5
Vladimír Matejička,90d07b92-3be4-4d79-a78f-729a25b812fc
Vladimír Maňka,95cdd125-7ff0-4a55-8a7d-99c0302b3814
Vladimír Mečiar,3988e82e-9bb7-47af-9330-ec6c0171e0e8
Vladimír Palko,d0c85e74-6eaa-455e-aa13-8a4bc4e0e392
Vladimír Pavelka,09185d92-efe8-4d93-a842-538e27056c2c
Vladimír Sloboda,65901c50-929b-4c0e-a43f-86b79dbb95e3
Vladimír Sloboda,d5fbac6b-a68d-4f0a-8124-fca5e9997fea
Vladimír Ďaďo,f2a56f6e-41e6-4364-82ee-3a33d344f011
Vladislav Petráš,1cf0130e-3564-4769-88e7-7b2f914a3393
Vlastimil Ondrejka,dccb6bd6-78ff-4729-b15c-5d91882c5317
Vojtech Tkáč,52453a09-076b-4389-81db-4df624552bde
Víťazoslav Móric,dde070b1-8c08-41e4-ac28-3c8ac900b5e6
Zdenka Kramplová,b0934925-70bc-4622-9032-7e4029753c32
Zoltán Daniš,3653191c-8fb9-4a93-924c-5d79b155f9f3
Zoltán Horváth,d2b89d17-b853-4c7f-98f8-0238d8ac1ba7
Zsolt Komlósy,9777ffa9-3ed2-4124-8c15-3a216bb0e07a
Zsolt Simon,4cf945cd-65cc-43b7-83eb-95f8a34da1ef
Zsolt Simon,be6a356a-f4ad-4c28-b1cb-8bd18ddb9151
Zuzana Aštaryová,375a7e19-494a-47ce-a163-e3dc7e14534e
Zuzana Kondrlíková-Plháková,242a1e68-39ab-4a64-80c1-a3278a2e902a
Zuzana Martináková,5c3589c4-33d8-4fe2-b405-bddfe4b2d750
Zuzana Zimenová,eef9b900-89c7-449a-b6b5-97df8bf8374b
Zuzana Šebová,7270ee7f-617e-4f8a-85d4-04ad9f172239
Zuzana Šebová,df1c90ea-9672-4b90-a58a-711dd34f30ab
Ágnes Biró,f023c0f9-c351-4b26-acb8-b70ca04da2e4
Árpád Duka-Zólyomi,c7728aa6-4781-404b-91fa-0e895e4ec910
Árpád Érsek,29decc13-0894-4251-8193-41975ec0a042
Ľubica Navrátilová,fdfb1825-2739-4968-a39d-34c81faa5d71
Ľubica Rošková,aaeedd3b-fc7f-4ffb-aaad-bbb1030245b9
Ľubomír Andrassy,b715f191-fc00-49f2-ba64-76e877952e82
Ľubomír Dzurák,88e1d394-5774-4cde-9369-e34f4d45ba32
Ľubomír Fogaš,ca7c23e4-779d-4787-9edc-d0d8c7b1fbd0
Ľubomír Galko,07dad24e-9f0e-4910-bed8-22aaa1e4eb7c
Ľubomír Galko,a66d78dc-c0c9-4228-a631-60a1a4a128c5
Ľubomír Harach,a67fe1d6-34b3-4445-adc3-4dc73d9b30d5
Ľubomír Jahnátek,1cd2aa16-a99b-4f8e-b546-05def69d3468
Ľubomír Jahnátek,75318ee9-b85c-44b9-8edc-3a0ac59a9f8a
Ľubomír Karaba,974658f5-814a-4867-b6ff-fe1f72b81e06
Ľubomír Lintner,914f20ff-5889-46f3-a284-34e93e7e909e
Ľubomír Petrák,28b0b96d-ef20-443a-a549-f58e810a25a2
Ľubomír Petrák,7b9293d8-5b7a-4ada-9f12-160160bb6b55
Ľubomír Vážny,1436b4d5-02d0-402a-b475-0dcaad22fd1b
Ľubomír Vážny,49831049-ff28-4232-99ae-b09f028ff0df
Ľubomír Želiezka,1690df43-5985-49fb-ba13-b40e52bf0e4f
Ľubomír Želiezka,aba08564-6efe-4075-8907-a49774565027
Ľuboš Blaha,29de5ffc-784a-434e-8df1-28e79c233bde
Ľuboš Blaha,8abb113a-98c3-4640-a97b-35c883c2ae4c
Ľuboš Lackovič,45658b95-58a0-415a-ae99-537eeab992be
Ľuboš Majer,5eaba3b7-9b0a-46b2-bb0f-1c948acf349c
Ľuboš Martinák,0894e248-3ebe-4e0a-8291-0d53ac65ab5e
Ľuboš Micheľ,518e376c-fb46-408c-8775-71dc7df2f6e4
Ľudmila Mušková,6bbc0447-0c90-4da0-872f-a4b95c0325af
Ľudovít Goga,8bc4934a-cf5b-4d3d-8cad-3911fe477c1c
Ľudovít Goga,a7c1f1a1-0599-4dba-8e7a-a8c0fe45d539
Ľudovít Jurčík,8f1121b0-1d2d-4348-b305-f6ce5c0c00f5
Ľudovít Kaník,d02d917e-50a3-433c-bbf0-685055f4bad6
Ľudovít Černák,67e2e014-08d2-4c42-9a1e-7d225836d34f
Štefan Gašparovič,47767f04-d8ee-4e40-9a94-8ade6de844a4
Štefan Hreha,cc5b44ef-a59c-48d7-8250-4b638cf22604
Štefan Kuffa,994436cd-f5ac-467d-b427-8077ea81f570
Štefan Kužma,54e599a4-fcfc-4eb2-a4c2-f440c3d74db2
Štefan Rusnák,365c321d-5de6-4c1b-9e04-8e941b0211be
Štefan Tomčo,4f22615a-c3b4-434c-8446-c5afbd734913
Štefan Zelník,28977299-b38d-41ba-ad88-1576a53c3fad
Štefan Zelník,7c788b52-8b53-4d4e-a05f-5a2e8027013b
Štefan Šlachta,df3efc81-a246-4101-aae1-792214151a5b
Андрей Хрнчиар,5d5f3db3-0442-4a41-b20b-04236e5a7e15
Бела Бугар,86f92240-715d-4229-afc9-8727d6932e90
Бэла Бугар,86f92240-715d-4229-afc9-8727d6932e90
Душан Галис,fc479f5c-4541-41c9-92d3-99c9c68d5358
Мариан Котлеба,4cab336f-3a4c-45f7-82ab-4f193c08469f
Мирослав Беблавы,aecfadb8-d8e6-48c2-9636-3ea8e1750fb4
Рихард Раши,d3df5888-5498-46cc-af3f-8c223000baac
Яна Валёва,e01b204e-d7e0-4819-9b93-c38673461cef
دوشان غاليس,fc479f5c-4541-41c9-92d3-99c9c68d5358
伊果·馬托維奇,70a9691c-5dc9-410e-84fe-23dbda333047
安德雷·丹科,96f658c7-6b1a-4095-8873-9a7f218bc309
拉多斯拉夫·普羅哈茨卡,8d304b0b-fdeb-40d1-9f6c-8ee70208f65f
貝拉·布加爾,86f92240-715d-4229-afc9-8727d6932e90
馬里安·寇特勒巴,4cab336f-3a4c-45f7-82ab-4f193c08469f
마리안 코틀레바,4cab336f-3a4c-45f7-82ab-4f193c08469f
안드레이 단코,96f658c7-6b1a-4095-8873-9a7f218bc309
